year,state_code,residential,commercial,industrial,transportation
2017,AK,438240.0,510932.0,232117.0,0.0
2017,AL,3786699.0,2637503.0,2052257.0,0.0
2017,AR,1749676.0,1013943.0,1041103.0,48.0
2017,AZ,4259275.0,3115269.0,884209.0,730.0
2017,CA,15454565.0,15740122.0,5082735.0,51074.0
2017,CO,2264556.0,2041429.0,1163087.0,7144.0
2017,CT,1711969.0,461017.0,91090.0,1204.0
2017,DC,220953.0,130933.0,0.0,0.0
2017,DE,573415.0,192987.0,89094.0,0.0
2017,FL,14097730.0,8881601.0,1299364.0,7443.0
2017,GA,6516806.0,4667211.0,1921632.0,9036.0
2017,HI,775853.0,825062.0,828074.0,0.0
2017,IA,1692832.0,1148435.0,1431706.0,0.0
2017,ID,876364.0,512664.0,575797.0,0.0
2017,IL,3473763.0,1599471.0,426485.0,0.0
2017,IN,3878281.0,2494593.0,3298049.0,2249.0
2017,KS,1732461.0,1667404.0,870243.0,0.0
2017,KY,2699918.0,1900421.0,1626511.0,0.0
2017,LA,2874957.0,2192502.0,2035903.0,1286.0
2017,MA,2390831.0,1003080.0,325806.0,0.0
2017,MD,2857545.0,773097.0,40327.0,0.0
2017,ME,612349.0,219900.0,21004.0,0.0
2017,MI,5077953.0,3931291.0,1905764.0,698.0
2017,MN,2813969.0,2438774.0,1642588.0,2291.0
2017,MO,3843968.0,2858219.0,968061.0,1924.0
2017,MS,1932657.0,1449402.0,965966.0,0.0
2017,MT,572286.0,495371.0,143817.0,0.0
2017,NC,6138404.0,4042918.0,1699347.0,303.0
2017,ND,498902.0,600239.0,668782.0,0.0
2017,NE,1060436.0,822118.0,873216.0,0.0
2017,NH,692076.0,265986.0,49270.0,0.0
2017,NJ,3630821.0,1583159.0,128246.0,0.0
2017,NM,836772.0,895321.0,475597.0,0.0
2017,NV,1550498.0,753213.0,733539.0,748.0
2017,NY,7063059.0,4122050.0,165555.0,46479.0
2017,OH,3454135.0,1110564.0,692641.0,285.0
2017,OK,2316983.0,1661847.0,984080.0,0.0
2017,OR,2138505.0,1408703.0,723033.0,2367.0
2017,PA,4600258.0,1027884.0,178472.0,0.0
2017,RI,480042.0,181776.0,22098.0,0.0
2017,SC,3804261.0,2300878.0,1677448.0,0.0
2017,SD,547554.0,459762.0,230254.0,0.0
2017,TN,4213506.0,3558682.0,1412830.0,0.0
2017,TX,15886368.0,11352259.0,6424254.0,14866.0
2017,UT,1041820.0,1014847.0,569088.0,5752.0
2017,VA,5078889.0,4011733.0,1098717.0,14431.0
2017,VT,357641.0,288831.0,145424.0,0.0
2017,WA,3600615.0,2551640.0,1072181.0,658.0
2017,WI,3045972.0,2570834.0,1813523.0,28.0
2017,WV,1229699.0,722937.0,902668.0,0.0
2017,WY,315284.0,364808.0,708573.0,0.0
2017,US,162762368.0,112575618.0,54411619.0,171043.0
2016,AK,407365.0,479547.0,210807.0,0.0
2016,AL,3843395.0,2626821.0,1966223.0,0.0
2016,AR,1764930.0,1002233.0,986087.0,44.0
2016,AZ,4094426.0,3078184.0,908697.0,718.0
2016,CA,14931219.0,15539466.0,5161071.0,48790.0
2016,CO,2273979.0,1996042.0,1109890.0,6348.0
2016,CT,1654646.0,464496.0,87229.0,1118.0
2016,DC,219299.0,139492.0,0.0,13.0
2016,DE,590240.0,203339.0,89714.0,0.0
2016,FL,13545273.0,8506823.0,1288401.0,7921.0
2016,GA,6659243.0,4687610.0,1884161.0,8677.0
2016,HI,717390.0,766699.0,770337.0,0.0
2016,IA,1682433.0,1126795.0,1333452.0,0.0
2016,ID,813497.0,487083.0,564023.0,0.0
2016,IL,3295883.0,1567345.0,418054.0,0.0
2016,IN,3892459.0,2425318.0,3237626.0,2054.0
2016,KS,1764173.0,1663730.0,854601.0,0.0
2016,KY,2763077.0,1912414.0,1600131.0,0.0
2016,LA,2861963.0,2139380.0,1822080.0,1104.0
2016,MA,2408460.0,1009650.0,376763.0,0.0
2016,MD,3047024.0,813965.0,41270.0,0.0
2016,ME,578576.0,201012.0,27211.0,0.0
2016,MI,5258021.0,3846392.0,1859913.0,491.0
2016,MN,2762790.0,2316287.0,1564118.0,2432.0
2016,MO,3850746.0,2845734.0,962263.0,1779.0
2016,MS,1931958.0,1390347.0,931023.0,0.0
2016,MT,530660.0,484356.0,136713.0,0.0
2016,NC,6446114.0,4189494.0,1725487.0,505.0
2016,ND,481747.0,580437.0,593271.0,0.0
2016,NE,1055594.0,818933.0,857693.0,0.0
2016,NH,678712.0,283831.0,55284.0,0.0
2016,NJ,3898228.0,1609977.0,123970.0,775.0
2016,NM,799336.0,858346.0,443256.0,0.0
2016,NV,1447619.0,710632.0,753707.0,656.0
2016,NY,7032969.0,3952041.0,163103.0,43582.0
2016,OH,3722385.0,1140498.0,738204.0,355.0
2016,OK,2323581.0,1585720.0,904809.0,0.0
2016,OR,1980615.0,1384876.0,708165.0,2224.0
2016,PA,4636971.0,1059269.0,182722.0,0.0
2016,RI,503670.0,188163.0,21397.0,0.0
2016,SC,3873817.0,2288955.0,1625453.0,0.0
2016,SD,529582.0,450258.0,212936.0,0.0
2016,TN,4349574.0,3612206.0,1337298.0,0.0
2016,TX,16048319.0,11483766.0,6041600.0,14385.0
2016,UT,1032342.0,1012493.0,581252.0,5524.0
2016,VA,5131025.0,3895449.0,1138442.0,14178.0
2016,VT,357128.0,292867.0,147875.0,0.0
2016,WA,3244682.0,2441295.0,1067883.0,541.0
2016,WI,3069410.0,2572429.0,1801630.0,28.0
2016,WV,1301903.0,731809.0,845770.0,0.0
2016,WY,306298.0,353660.0,695166.0,0.0
2016,US,162394746.0,111217962.0,52958230.0,164240.0
2015,AK,405270.0,481839.0,196314.0,0.0
2015,AL,3731831.0,2538645.0,2021316.0,0.0
2015,AR,1794303.0,1011199.0,998757.0,49.0
2015,AZ,4023333.0,3042894.0,932651.0,584.0
2015,CA,14869855.0,16605719.0,5427870.0,52312.0
2015,CO,2227990.0,2016563.0,1129021.0,6477.0
2015,CT,1704475.0,544552.0,93251.0,0.0
2015,DC,236259.0,161395.0,0.0,0.0
2015,DE,598753.0,212968.0,89611.0,0.0
2015,FL,14216590.0,9106202.0,1388136.0,8515.0
2015,GA,6511155.0,4662637.0,1887035.0,9004.0
2015,HI,781896.0,854791.0,852083.0,0.0
2015,IA,1603951.0,1076729.0,1255122.0,0.0
2015,ID,799700.0,488546.0,576477.0,0.0
2015,IL,2911967.0,1583473.0,438747.0,0.0
2015,IN,3753084.0,2349168.0,3294957.0,2085.0
2015,KS,1634552.0,1553019.0,854187.0,0.0
2015,KY,2680343.0,1848262.0,1660850.0,0.0
2015,LA,2943587.0,2165878.0,1900895.0,979.0
2015,MA,3025759.0,1272778.0,420828.0,8.0
2015,MD,2895747.0,853642.0,46972.0,0.0
2015,ME,552761.0,215240.0,25100.0,0.0
2015,MI,4810752.0,3768972.0,1859959.0,491.0
2015,MN,2630742.0,2207024.0,1506272.0,2300.0
2015,MO,3799962.0,2797527.0,1096388.0,1724.0
2015,MS,2092177.0,1517771.0,1032686.0,0.0
2015,MT,525004.0,492400.0,141335.0,0.0
2015,NC,6531847.0,4210468.0,1804121.0,684.0
2015,ND,467895.0,554633.0,563700.0,0.0
2015,NE,1010527.0,807429.0,808820.0,0.0
2015,NH,696834.0,337921.0,68511.0,0.0
2015,NJ,3946176.0,1677031.0,121524.0,1039.0
2015,NM,828169.0,914719.0,479753.0,0.0
2015,NV,1574103.0,820855.0,905959.0,760.0
2015,NY,7385309.0,4264392.0,187230.0,48776.0
2015,OH,3717432.0,1220591.0,892616.0,394.0
2015,OK,2293592.0,1588067.0,964329.0,0.0
2015,OR,1948315.0,1364471.0,707094.0,2205.0
2015,PA,4617728.0,1179627.0,226016.0,0.0
2015,RI,552124.0,265882.0,32380.0,0.0
2015,SC,3778451.0,2239686.0,1774038.0,0.0
2015,SD,506522.0,434765.0,204932.0,0.0
2015,TN,4291880.0,3553029.0,1418464.0,0.0
2015,TX,16838434.0,11115260.0,6161020.0,9585.0
2015,UT,992264.0,1001542.0,580074.0,5589.0
2015,VA,5221259.0,3957653.0,1213453.0,15929.0
2015,VT,356986.0,292344.0,146022.0,0.0
2015,WA,3098110.0,2402821.0,1090548.0,433.0
2015,WI,2994383.0,2561808.0,1816081.0,28.0
2015,WV,1153344.0,671690.0,795823.0,0.0
2015,WY,293517.0,358000.0,697582.0,0.0
2015,US,162856995.0,113224509.0,54786906.0,169947.0
2014,AK,391068.0,472078.0,212988.0,0.0
2014,AL,3781917.0,2473586.0,2130887.0,0.0
2014,AR,1753284.0,964795.0,1002428.0,49.0
2014,AZ,3848998.0,2967741.0,947683.0,0.0
2014,CA,14399283.0,16681534.0,5440378.0,50280.0
2014,CO,2203838.0,2029053.0,1129370.0,6910.0
2014,CT,1463082.0,567409.0,127144.0,9285.0
2014,DC,216578.0,157003.0,0.0,0.0
2014,DE,566762.0,189919.0,87303.0,0.0
2014,FL,13854538.0,9169986.0,1306052.0,8760.0
2014,GA,6659464.0,4827025.0,2115659.0,11527.0
2014,HI,957073.0,1095476.0,1114946.0,0.0
2014,IA,1610036.0,1070319.0,1166905.0,0.0
2014,ID,791099.0,476481.0,573888.0,0.0
2014,IL,2451770.0,1567066.0,486071.0,0.0
2014,IN,3861636.0,2403018.0,3419485.0,2091.0
2014,KS,1665583.0,1558211.0,896511.0,0.0
2014,KY,2785001.0,1807976.0,1832517.0,0.0
2014,LA,3005472.0,2229210.0,2099881.0,1068.0
2014,MA,2885568.0,1423783.0,443960.0,56.0
2014,MD,2782977.0,950332.0,62854.0,0.0
2014,ME,11901.0,5781.0,3428.0,0.0
2014,MI,4846415.0,3749733.0,2041362.0,400.0
2014,MN,2737895.0,2249026.0,1551691.0,2321.0
2014,MO,3807788.0,2728701.0,1106218.0,1700.0
2014,MS,2141264.0,1525368.0,1077019.0,0.0
2014,MT,505961.0,464588.0,125495.0,0.0
2014,NC,6511383.0,4157748.0,1751829.0,680.0
2014,ND,490071.0,474723.0,569870.0,0.0
2014,NE,1043023.0,831284.0,797052.0,0.0
2014,NH,655272.0,328011.0,70548.0,0.0
2014,NJ,3584435.0,1557351.0,141131.0,0.0
2014,NM,812034.0,921898.0,497592.0,0.0
2014,NV,1541121.0,819604.0,929333.0,768.0
2014,NY,7807078.0,4783744.0,241417.0,56649.0
2014,OH,3768287.0,1271409.0,978188.0,463.0
2014,OK,2343199.0,1654314.0,1038884.0,0.0
2014,OR,1948732.0,1350714.0,681999.0,2160.0
2014,PA,4289816.0,1153242.0,258402.0,0.0
2014,RI,493737.0,296662.0,40819.0,0.0
2014,SC,3824288.0,2225574.0,1839963.0,0.0
2014,SD,505345.0,406420.0,206414.0,0.0
2014,TN,4392023.0,3476761.0,1548714.0,100.0
2014,TX,16715817.0,11379847.0,6727425.0,8909.0
2014,UT,954231.0,943134.0,606015.0,6274.0
2014,VA,5155281.0,3889781.0,1219030.0,16642.0
2014,VT,370673.0,295698.0,145111.0,0.0
2014,WA,3040586.0,2313564.0,1118420.0,401.0
2014,WI,2996152.0,2558476.0,1790586.0,0.0
2014,WV,1119698.0,629468.0,753085.0,0.0
2014,WY,288879.0,355296.0,686237.0,0.0
2014,US,160637408.0,113879920.0,57140182.0,187492.0
2013,AK,381181.0,440007.0,212159.0,0.0
2013,AL,3532584.0,2376592.0,2014487.0,0.0
2013,AR,1746489.0,957321.0,999852.0,48.0
2013,AZ,3877986.0,2957978.0,833358.0,0.0
2013,CA,14365383.0,14879902.0,5258482.0,47215.0
2013,CO,2210316.0,1982037.0,1082995.0,6507.0
2013,CT,1196378.0,422688.0,98417.0,0.0
2013,DC,212234.0,137415.0,0.0,0.0
2013,DE,562459.0,193355.0,86891.0,0.0
2013,FL,12770123.0,8653405.0,1246783.0,7948.0
2013,GA,6135755.0,4529223.0,1972453.0,12569.0
2013,HI,964882.0,1113961.0,1082194.0,0.0
2013,IA,1614968.0,1049965.0,1104037.0,0.0
2013,ID,803665.0,460410.0,568510.0,0.0
2013,IL,2408919.0,1420328.0,418023.0,795.0
2013,IN,3672739.0,2328248.0,3201509.0,2096.0
2013,KS,1582807.0,1475546.0,813904.0,0.0
2013,KY,2623038.0,1798004.0,2094351.0,0.0
2013,LA,2895482.0,2173960.0,1825435.0,1072.0
2013,MA,2757172.0,1138714.0,562969.0,0.0
2013,MD,2747486.0,860063.0,53461.0,0.0
2013,ME,11165.0,5380.0,3303.0,0.0
2013,MI,4962286.0,3858363.0,2073035.0,533.0
2013,MN,2698103.0,2170780.0,1587306.0,1870.0
2013,MO,3745002.0,2686659.0,1104696.0,1735.0
2013,MS,1989585.0,1433114.0,1022567.0,0.0
2013,MT,508871.0,458130.0,120552.0,0.0
2013,NC,6172487.0,4085188.0,1732933.0,588.0
2013,ND,459360.0,476912.0,378338.0,0.0
2013,NE,1037786.0,807459.0,837384.0,0.0
2013,NH,641544.0,295039.0,57845.0,0.0
2013,NJ,3667393.0,1476083.0,135030.0,0.0
2013,NM,794916.0,874970.0,462597.0,0.0
2013,NV,1444315.0,784188.0,851122.0,701.0
2013,NY,7483925.0,4531104.0,254949.0,51777.0
2013,OH,3798765.0,1306727.0,1008694.0,349.0
2013,OK,2244427.0,1541200.0,927308.0,0.0
2013,OR,1913137.0,1341944.0,629882.0,1996.0
2013,PA,4363679.0,1089758.0,244372.0,0.0
2013,RI,467972.0,241004.0,31266.0,0.0
2013,SC,3455720.0,2086085.0,1722902.0,0.0
2013,SD,494855.0,396838.0,189746.0,0.0
2013,TN,4083088.0,3356761.0,1412984.0,208.0
2013,TX,15926136.0,10944864.0,5920133.0,6190.0
2013,UT,974822.0,915606.0,587626.0,5779.0
2013,VA,4924510.0,3820166.0,1136239.0,15897.0
2013,VT,364245.0,295636.0,156753.0,0.0
2013,WA,3129362.0,2303713.0,1061935.0,478.0
2013,WI,2993098.0,2542086.0,1729642.0,0.0
2013,WV,1103102.0,636469.0,745335.0,346.0
2013,WY,287380.0,348530.0,652083.0,0.0
2013,US,155203081.0,108459874.0,54308822.0,166697.0
2012,AK,386304.0,429152.0,232325.0,0.0
2012,AL,3491380.0,2318146.0,2100936.0,0.0
2012,AR,1664696.0,933567.0,971266.0,52.0
2012,AZ,3718357.0,2829551.0,813094.0,0.0
2012,CA,13744465.0,14667776.0,4034448.0,25438.0
2012,CO,2087889.0,1878364.0,1070816.0,5083.0
2012,CT,1196000.0,377948.0,89596.0,0.0
2012,DC,210328.0,136502.0,0.0,0.0
2012,DE,593821.0,206849.0,101698.0,0.0
2012,FL,12806820.0,8894821.0,1319868.0,7093.0
2012,GA,5996286.0,4400045.0,1866393.0,12015.0
2012,HI,1022944.0,1129545.0,1128570.0,0.0
2012,IA,1513376.0,977690.0,1033194.0,0.0
2012,ID,707181.0,410328.0,524514.0,0.0
2012,IL,4444772.0,1633967.0,381319.0,1151.0
2012,IN,3469890.0,2195779.0,3053069.0,1940.0
2012,KS,1551102.0,1427425.0,782714.0,0.0
2012,KY,2460674.0,1637229.0,2364592.0,0.0
2012,LA,2514353.0,1879856.0,1448981.0,924.0
2012,MA,2601971.0,1054272.0,528671.0,0.0
2012,MD,2709711.0,799451.0,56439.0,0.0
2012,ME,10759.0,5507.0,3669.0,0.0
2012,MI,4870927.0,3878483.0,2111096.0,556.0
2012,MN,2504491.0,1988679.0,1530592.0,1500.0
2012,MO,3491827.0,2499371.0,1036772.0,1504.0
2012,MS,1846707.0,1266977.0,1048844.0,0.0
2012,MT,481802.0,440093.0,113113.0,0.0
2012,NC,5962720.0,4029839.0,1727483.0,562.0
2012,ND,406332.0,409867.0,335697.0,0.0
2012,NE,972315.0,773868.0,834871.0,0.0
2012,NH,697140.0,314266.0,59330.0,0.0
2012,NJ,3855330.0,1631686.0,120885.0,2404.0
2012,NM,769384.0,854645.0,422675.0,0.0
2012,NV,1433832.0,796512.0,833403.0,683.0
2012,NY,7112791.0,4279101.0,324034.0,40702.0
2012,OH,4084984.0,1710712.0,1403655.0,151.0
2012,OK,2168292.0,1461115.0,842885.0,0.0
2012,OR,1848670.0,1268388.0,618464.0,2044.0
2012,PA,4677978.0,1179230.0,236813.0,0.0
2012,RI,443005.0,212339.0,26393.0,0.0
2012,SC,3338098.0,2045995.0,1695628.0,0.0
2012,SD,448375.0,368926.0,178980.0,0.0
2012,TN,4015594.0,2901670.0,2015274.0,197.0
2012,TX,15087710.0,10856843.0,5265840.0,7395.0
2012,UT,912330.0,870218.0,544855.0,3738.0
2012,VA,4822893.0,3777882.0,1162772.0,15993.0
2012,VT,356325.0,285449.0,141870.0,0.0
2012,WA,3028281.0,2240842.0,1044859.0,562.0
2012,WI,2905404.0,2441891.0,1730531.0,0.0
2012,WV,1102691.0,653726.0,750338.0,361.0
2012,WY,267506.0,349824.0,603310.0,0.0
2012,US,152816809.0,106012206.0,52667432.0,132046.0
2011,AK,376005.0,430938.0,209034.0,0.0
2011,AL,3661470.0,2331377.0,2107205.0,0.0
2011,AR,1693836.0,911067.0,957043.0,48.0
2011,AZ,3666153.0,2802810.0,809655.0,0.0
2011,CA,13009388.0,14472014.0,4173847.0,40864.0
2011,CO,2059155.0,1877996.0,1075882.0,4939.0
2011,CT,1353705.0,438804.0,99942.0,4773.0
2011,DC,256092.0,166596.0,0.0,0.0
2011,DE,620923.0,214960.0,116180.0,0.0
2011,FL,13388983.0,9039755.0,1443926.0,7545.0
2011,GA,6383601.0,4631317.0,2080074.0,13541.0
2011,HI,1015685.0,1090424.0,1040801.0,0.0
2011,IA,1499148.0,949311.0,1002835.0,0.0
2011,ID,660576.0,382926.0,454720.0,0.0
2011,IL,5449544.0,1989356.0,394911.0,1280.0
2011,IN,3410413.0,2115538.0,2945751.0,2017.0
2011,KS,1527025.0,1370351.0,725304.0,0.0
2011,KY,2502968.0,1589301.0,2326178.0,0.0
2011,LA,2869880.0,2050406.0,1710595.0,904.0
2011,MA,2649454.0,1124123.0,575818.0,0.0
2011,MD,3040791.0,926022.0,66537.0,0.0
2011,ME,11394.0,5934.0,3700.0,0.0
2011,MI,4621053.0,3616559.0,1987464.0,451.0
2011,MN,2469487.0,1929925.0,1527529.0,1575.0
2011,MO,3502911.0,2490868.0,1013187.0,1510.0
2011,MS,1966085.0,1302168.0,1062287.0,0.0
2011,MT,479153.0,435815.0,99483.0,0.0
2011,NC,5954615.0,3779923.0,1597233.0,508.0
2011,ND,390772.0,370084.0,269476.0,0.0
2011,NE,927342.0,729849.0,681020.0,0.0
2011,NH,734100.0,377706.0,74287.0,0.0
2011,NJ,4331784.0,2030534.0,159096.0,2778.0
2011,NM,755858.0,840053.0,418868.0,0.0
2011,NV,1334069.0,793263.0,837245.0,693.0
2011,NY,7713041.0,4864933.0,385710.0,49522.0
2011,OH,4503424.0,2143331.0,1734335.0,137.0
2011,OK,2313030.0,1489888.0,863213.0,0.0
2011,OR,1852603.0,1250239.0,605427.0,1964.0
2011,PA,5836700.0,1705069.0,587166.0,7.0
2011,RI,444233.0,238215.0,33365.0,0.0
2011,SC,3404928.0,2007503.0,1668821.0,0.0
2011,SD,434655.0,344870.0,160315.0,0.0
2011,TN,4298018.0,2980031.0,2070122.0,203.0
2011,TX,16141983.0,11315395.0,6368043.0,6889.0
2011,UT,801966.0,775447.0,475870.0,3225.0
2011,VA,4871349.0,3742884.0,1118027.0,15473.0
2011,VT,345525.0,281101.0,139239.0,0.0
2011,WA,3010493.0,2199347.0,1033457.0,605.0
2011,WI,2884512.0,2403002.0,1715020.0,0.0
2011,WV,1103040.0,632491.0,724244.0,365.0
2011,WY,255263.0,335841.0,555109.0,0.0
2011,US,158788178.0,108317656.0,54284592.0,161813.0
2010,AK,340340.0,394632.0,187290.0,0.0
2010,AL,3790734.0,2339092.0,1945053.0,0.0
2010,AR,1702938.0,890628.0,913220.0,48.0
2010,AZ,3558161.0,2741684.0,758910.0,0.0
2010,CA,12838455.0,14718148.0,4114150.0,41852.0
2010,CO,1997858.0,1790037.0,1047503.0,4329.0
2010,CT,1802615.0,560515.0,112665.0,13339.0
2010,DC,282347.0,205087.0,0.0,0.0
2010,DE,644222.0,237417.0,123120.0,0.0
2010,FL,13982240.0,8941651.0,1528594.0,7344.0
2010,GA,6198370.0,4338100.0,1932099.0,12891.0
2010,HI,840072.0,869792.0,805925.0,0.0
2010,IA,1516862.0,951526.0,1011344.0,0.0
2010,ID,649759.0,389390.0,452704.0,0.0
2010,IL,5597897.0,2243773.0,391002.0,1393.0
2010,IN,3350355.0,2040756.0,2734471.0,1816.0
2010,KS,1437102.0,1272739.0,664062.0,0.0
2010,KY,2496770.0,1529639.0,2273807.0,0.0
2010,LA,2935169.0,2057616.0,1646496.0,1020.0
2010,MA,2738304.0,1163776.0,556087.0,0.0
2010,MD,3819302.0,1064241.0,74592.0,0.0
2010,ME,11878.0,5861.0,3672.0,0.0
2010,MI,4320645.0,3354672.0,1847639.0,513.0
2010,MN,2379113.0,1887110.0,1433278.0,1693.0
2010,MO,3385582.0,2358019.0,953656.0,1351.0
2010,MS,1991612.0,1285951.0,992969.0,0.0
2010,MT,434409.0,397850.0,110729.0,0.0
2010,NC,6288493.0,3910578.0,1623228.0,500.0
2010,ND,357052.0,340008.0,223760.0,0.0
2010,NE,903393.0,727801.0,612988.0,0.0
2010,NH,730283.0,396222.0,67329.0,0.0
2010,NJ,4963082.0,2696315.0,222880.0,0.0
2010,NM,710548.0,772589.0,400122.0,0.0
2010,NV,1435699.0,856257.0,912234.0,798.0
2010,NY,8019337.0,5375422.0,440933.0,55551.0
2010,OH,5005130.0,2821245.0,1984567.0,847.0
2010,OK,2164328.0,1415038.0,810789.0,0.0
2010,OR,1671727.0,1143438.0,580048.0,1765.0
2010,PA,6369771.0,3197316.0,2540831.0,60123.0
2010,RI,494389.0,260825.0,36886.0,0.0
2010,SC,3449574.0,1986442.0,1567886.0,0.0
2010,SD,415338.0,329832.0,143156.0,0.0
2010,TN,4172362.0,2838715.0,1903857.0,205.0
2010,TX,15905877.0,11163356.0,6420039.0,7311.0
2010,UT,769145.0,741023.0,434488.0,2928.0
2010,VA,5061603.0,3676236.0,1141321.0,14552.0
2010,VT,331390.0,271532.0,137851.0,0.0
2010,WA,2805591.0,2121193.0,973689.0,516.0
2010,WI,2820621.0,2296381.0,1606232.0,0.0
2010,WV,1094174.0,610027.0,681014.0,365.0
2010,WY,239198.0,320135.0,501285.0,0.0
2010,US,161221216.0,110297623.0,54582448.0,233050.0
2009,AK,362944.0,410852.0,172415.0,0.0
2009,AL,3356042.0,2203523.0,1755003.0,0.0
2009,AR,1552437.0,867475.0,847427.0,47.0
2009,AZ,3524074.0,2747954.0,745377.0,0.0
2009,CA,13218686.0,14900056.0,4252918.0,43700.0
2009,CO,1740497.0,1631115.0,867025.0,3553.0
2009,CT,2266456.0,784952.0,142288.0,0.0
2009,DC,252033.0,260774.0,0.0,0.0
2009,DE,598075.0,267247.0,112599.0,0.0
2009,FL,14302606.0,9936649.0,1576697.0,8826.0
2009,GA,5587891.0,4120177.0,1795619.0,12607.0
2009,HI,739418.0,740614.0,668137.0,0.0
2009,IA,1370570.0,884248.0,960514.0,0.0
2009,ID,667177.0,389480.0,423882.0,0.0
2009,IL,4996157.0,2391660.0,316873.0,1635.0
2009,IN,3093219.0,1970817.0,2500569.0,1924.0
2009,KS,1253574.0,1181736.0,615668.0,0.0
2009,KY,2223389.0,1429539.0,2143254.0,0.0
2009,LA,2410881.0,1792927.0,1345644.0,914.0
2009,MA,2883842.0,1290124.0,604660.0,0.0
2009,MD,3889814.0,1144135.0,80497.0,0.0
2009,ME,12506.0,5739.0,3496.0,0.0
2009,MI,3812629.0,3278850.0,1794499.0,586.0
2009,MN,2212341.0,1766050.0,1229054.0,1692.0
2009,MO,2924094.0,2130803.0,815839.0,1238.0
2009,MS,1849917.0,1236207.0,987999.0,0.0
2009,MT,428129.0,387169.0,113841.0,0.0
2009,NC,5627153.0,3689879.0,1503511.0,457.0
2009,ND,337306.0,310379.0,191072.0,0.0
2009,NE,820292.0,682811.0,547119.0,0.0
2009,NH,714697.0,504132.0,118609.0,0.0
2009,NJ,4540399.0,3504637.0,288961.0,1766.0
2009,NM,651891.0,733525.0,366504.0,0.0
2009,NV,1527406.0,952507.0,982454.0,830.0
2009,NY,7156151.0,4994521.0,412786.0,47213.0
2009,OH,5179942.0,3982360.0,2923655.0,4186.0
2009,OK,1836899.0,1261400.0,686053.0,0.0
2009,OR,1718695.0,1167019.0,522543.0,1619.0
2009,PA,6013628.0,3858935.0,2827626.0,66526.0
2009,RI,457009.0,325507.0,56268.0,0.0
2009,SC,3086901.0,1873077.0,1471887.0,0.0
2009,SD,382820.0,302622.0,127747.0,0.0
2009,TN,3755443.0,2694671.0,1798386.0,194.0
2009,TX,16074305.0,11447722.0,6533768.0,6967.0
2009,UT,739909.0,711998.0,413620.0,2686.0
2009,VA,4747526.0,3772480.0,1152700.0,16288.0
2009,VT,316099.0,257532.0,127424.0,0.0
2009,WA,2821815.0,2092809.0,814022.0,155.0
2009,WI,2556653.0,2149957.0,1507860.0,0.0
2009,WV,915790.0,520726.0,575931.0,308.0
2009,WY,233286.0,312231.0,461867.0,0.0
2009,US,153741408.0,112254306.0,53284168.0,225920.0
2008,AK,352595.0,389106.0,190536.0,0.0
2008,AL,3347566.0,2223094.0,2138423.0,0.0
2008,AR,1612760.0,890375.0,1003616.0,48.0
2008,AZ,3412297.0,2693165.0,846010.0,0.0
2008,CA,12562020.0,14240600.0,4222873.0,41470.0
2008,CO,1794446.0,1761883.0,919247.0,4041.0
2008,CT,2310882.0,1034642.0,198233.0,7350.0
2008,DC,239651.0,295575.0,0.0,0.0
2008,DE,603157.0,311184.0,126917.0,0.0
2008,FL,13278714.0,9446376.0,1562089.0,8733.0
2008,GA,5517454.0,4250111.0,2170113.0,12984.0
2008,HI,1002587.0,1040495.0,990936.0,0.0
2008,IA,1335608.0,874822.0,924835.0,0.0
2008,ID,597059.0,346162.0,417655.0,0.0
2008,IL,5177552.0,2686940.0,425976.0,1882.0
2008,IN,3015426.0,1920571.0,2643848.0,1875.0
2008,KS,1200858.0,1153279.0,624549.0,0.0
2008,KY,2189659.0,1433450.0,2224456.0,0.0
2008,LA,2966846.0,2322236.0,2138764.0,615.0
2008,MA,3086224.0,1690439.0,580871.0,0.0
2008,MD,3635504.0,1354634.0,89167.0,0.0
2008,ME,11905.0,5690.0,3291.0,0.0
2008,MI,3685351.0,3381643.0,2107167.0,579.0
2008,MN,2176514.0,1780913.0,1398768.0,1759.0
2008,MO,2831571.0,2057046.0,878561.0,1282.0
2008,MS,1901502.0,1325416.0,1061782.0,0.0
2008,MT,426205.0,398897.0,181177.0,0.0
2008,NC,5306233.0,3514841.0,1537281.0,335.0
2008,ND,320068.0,303777.0,206593.0,0.0
2008,NE,767610.0,631156.0,496380.0,0.0
2008,NH,689099.0,576520.0,209094.0,0.0
2008,NJ,4559923.0,4247614.0,479816.0,7880.0
2008,NM,638503.0,765249.0,436092.0,0.0
2008,NV,1438714.0,936798.0,1003459.0,783.0
2008,NY,7801537.0,5830154.0,605443.0,65904.0
2008,OH,5142562.0,3903279.0,3306850.0,5060.0
2008,OK,1987249.0,1498558.0,907742.0,0.0
2008,OR,1690828.0,1132461.0,545470.0,1286.0
2008,PA,5976035.0,3901311.0,3029153.0,63560.0
2008,RI,529885.0,476932.0,106143.0,0.0
2008,SC,2938992.0,1825840.0,1569684.0,0.0
2008,SD,364507.0,295452.0,123552.0,0.0
2008,TN,3738895.0,2717940.0,2063404.0,195.0
2008,TX,16712267.0,12211719.0,9306585.0,5919.0
2008,UT,725308.0,685506.0,417041.0,2587.0
2008,VA,4286126.0,3433329.0,1072332.0,15140.0
2008,VT,308843.0,255186.0,143849.0,0.0
2008,WA,2740943.0,2018852.0,827347.0,91.0
2008,WI,2529650.0,2177171.0,1606244.0,0.0
2008,WV,830683.0,468984.0,619659.0,280.0
2008,WY,223326.0,295926.0,427630.0,0.0
2008,US,152519696.0,115413296.0,61116703.0,251638.0
2007,AK,320973.0,344694.0,174804.0,0.0
2007,AL,3056790.0,1990625.0,1906453.0,0.0
2007,AR,1520509.0,816053.0,936447.0,0.0
2007,AZ,3327590.0,2519366.0,742587.0,0.0
2007,CA,12822181.0,14494797.0,4162759.0,39186.0
2007,CO,1631722.0,1562286.0,782706.0,3181.0
2007,CT,2382738.0,1446123.0,266575.0,17706.0
2007,DC,217736.0,305934.0,0.0,0.0
2007,DE,582281.0,278461.0,118804.0,0.0
2007,FL,13222562.0,9154114.0,1492400.0,9354.0
2007,GA,5113632.0,3790901.0,1883808.0,11509.0
2007,HI,772068.0,771204.0,710171.0,0.0
2007,IA,1328152.0,858697.0,906073.0,0.0
2007,ID,530332.0,309173.0,364107.0,0.0
2007,IL,4863297.0,2770600.0,458969.0,1393.0
2007,IN,2862275.0,1805816.0,2444711.0,1908.0
2007,KS,1131172.0,1056253.0,558243.0,0.0
2007,KY,2055657.0,1353534.0,1984095.0,0.0
2007,LA,2706812.0,2088783.0,1882740.0,432.0
2007,MA,2953433.0,1711431.0,466425.0,5458.0
2007,MD,3258857.0,1284362.0,94168.0,0.0
2007,ME,10495.0,5269.0,3597.0,0.0
2007,MI,3611793.0,3329913.0,2069550.0,486.0
2007,MN,2078498.0,1684183.0,1310820.0,1740.0
2007,MO,2758442.0,1972801.0,881870.0,1204.0
2007,MS,1737497.0,1195618.0,931331.0,0.0
2007,MT,398439.0,381833.0,190006.0,0.0
2007,NC,5271039.0,3477245.0,1583676.0,2.0
2007,ND,297098.0,277519.0,189730.0,0.0
2007,NE,739995.0,600511.0,434831.0,0.0
2007,NH,668431.0,532949.0,183660.0,0.0
2007,NJ,4206786.0,3950020.0,517145.0,1410.0
2007,NM,582486.0,684594.0,388866.0,0.0
2007,NV,1464211.0,943809.0,1060548.0,848.0
2007,NY,7658015.0,5591681.0,690432.0,42963.0
2007,OH,4961500.0,3698393.0,3083239.0,4751.0
2007,OK,1833710.0,1366509.0,822830.0,0.0
2007,OR,1585853.0,1119747.0,552473.0,1240.0
2007,PA,5848890.0,3884109.0,3024277.0,65974.0
2007,RI,439215.0,376802.0,91804.0,0.0
2007,SC,2716414.0,1684145.0,1479251.0,0.0
2007,SD,343975.0,276376.0,110043.0,0.0
2007,TN,3362582.0,2425992.0,1758177.0,158.0
2007,TX,15418549.0,10909827.0,8438746.0,5631.0
2007,UT,713613.0,669324.0,396334.0,2528.0
2007,VA,3973783.0,2993351.0,958560.0,12968.0
2007,VT,306927.0,253041.0,145890.0,0.0
2007,WA,2569667.0,1939494.0,810158.0,88.0
2007,WI,2430999.0,2047231.0,1567160.0,0.0
2007,WV,790901.0,454212.0,579746.0,286.0
2007,WY,200930.0,263277.0,358315.0,0.0
2007,US,145641502.0,109702982.0,56950110.0,232404.0
2006,AK,314378.0,336254.0,143432.0,0.0
2006,AL,2824690.0,1808546.0,1778046.0,0.0
2006,AR,1510709.0,805818.0,943191.0,0.0
2006,AZ,3041748.0,2294868.0,697504.0,0.0
2006,CA,12835047.0,14209557.0,4149636.0,39268.0
2006,CO,1529025.0,1512448.0,741299.0,1921.0
2006,CT,2112142.0,1799756.0,538610.0,25741.0
2006,DC,175779.0,551090.0,-2832.0,-637.0
2006,DE,503153.0,323335.0,124991.0,0.0
2006,FL,13263648.0,9047713.0,1523469.0,10185.0
2006,GA,4857738.0,3558589.0,1860951.0,10930.0
2006,HI,742993.0,747603.0,699556.0,0.0
2006,IA,1285276.0,850300.0,902171.0,59.0
2006,ID,500240.0,299737.0,320582.0,0.0
2006,IL,3907210.0,3208249.0,1414592.0,28990.0
2006,IN,2655440.0,1718957.0,2451293.0,1753.0
2006,KS,1114254.0,1029585.0,596106.0,0.0
2006,KY,1821794.0,1218886.0,1776046.0,0.0
2006,LA,2568187.0,1983713.0,1880966.0,363.0
2006,MA,2997420.0,2062200.0,523664.0,6147.0
2006,MD,2563151.0,1564848.0,115623.0,0.0
2006,ME,10653.0,5745.0,42099.0,0.0
2006,MI,3381907.0,3064029.0,1922614.0,369.0
2006,MN,1905115.0,1556427.0,1198299.0,1676.0
2006,MO,2519514.0,1810853.0,838292.0,1088.0
2006,MS,1764908.0,1212977.0,933999.0,0.0
2006,MT,363945.0,348514.0,106167.0,0.0
2006,NC,4818176.0,3195294.0,1530691.0,1.0
2006,ND,274953.0,259977.0,163157.0,0.0
2006,NE,688822.0,557784.0,408990.0,0.0
2006,NH,646112.0,556142.0,200528.0,0.0
2006,NJ,3676102.0,3588592.0,446015.0,1245.0
2006,NM,544295.0,655056.0,379913.0,0.0
2006,NV,1327029.0,908396.0,1013438.0,810.0
2006,NY,7581341.0,5706346.0,671541.0,42438.0
2006,OH,4553969.0,3413687.0,2794238.0,4420.0
2006,OK,1854266.0,1336178.0,819271.0,0.0
2006,OR,1418754.0,1046825.0,583795.0,1157.0
2006,PA,5253490.0,3671832.0,2961308.0,59727.0
2006,RI,454363.0,401761.0,107730.0,0.0
2006,SC,2576252.0,1591080.0,1480768.0,0.0
2006,SD,317311.0,262161.0,94431.0,0.0
2006,TN,3164295.0,2323118.0,1760574.0,160.0
2006,TX,16307430.0,10950528.0,8185081.0,5198.0
2006,UT,625218.0,599153.0,351937.0,2100.0
2006,VA,3639829.0,2772282.0,891170.0,11119.0
2006,VT,286876.0,236627.0,135417.0,0.0
2006,WA,2349887.0,1892868.0,850570.0,67.0
2006,WI,2288770.0,1904968.0,1480313.0,0.0
2006,WV,699628.0,412635.0,516186.0,255.0
2006,WY,191176.0,258440.0,337969.0,0.0
2006,US,138608408.0,107432327.0,56385397.0,256550.0
2005,AK,274152.0,311427.0,107443.0,0.0
2005,AL,2504003.0,1619523.0,1641194.0,0.0
2005,AR,1370920.0,702699.0,836840.0,0.0
2005,AZ,2707355.0,2031772.0,665280.0,0.0
2005,CA,10660931.0,12610953.0,3723644.0,39383.0
2005,CO,1489539.0,1512137.0,691209.0,972.0
2005,CT,1836908.0,1568067.0,479295.0,16670.0
2005,DC,168307.0,290255.0,-2653.0,696.0
2005,DE,414051.0,322131.0,152053.0,0.0
2005,FL,11140738.0,7293498.0,1271206.0,7945.0
2005,GA,4565468.0,3427862.0,1826756.0,10254.0
2005,HI,655008.0,659278.0,617583.0,0.0
2005,IA,1258241.0,783368.0,817783.0,0.0
2005,ID,477936.0,304255.0,337435.0,0.0
2005,IL,4054880.0,3118164.0,1418343.0,29644.0
2005,IN,2522561.0,1573156.0,2164797.0,1579.0
2005,KS,1058503.0,954144.0,542007.0,0.0
2005,KY,1769367.0,1146577.0,1560951.0,0.0
2005,LA,2541984.0,1856680.0,1813941.0,899.0
2005,MA,2487726.0,2010401.0,641654.0,5080.0
2005,MD,2358274.0,1115212.0,610753.0,0.0
2005,ME,7531.0,3662.0,11702.0,0.0
2005,MI,3032686.0,2596373.0,1600655.0,657.0
2005,MN,1799428.0,1447868.0,1117590.0,1538.0
2005,MO,2436857.0,1755777.0,766288.0,927.0
2005,MS,1564167.0,1074657.0,820783.0,0.0
2005,MT,342060.0,331972.0,106155.0,0.0
2005,NC,4679817.0,3027755.0,1516421.0,3.0
2005,ND,265358.0,243998.0,131874.0,0.0
2005,NE,664983.0,528813.0,390638.0,0.0
2005,NH,607193.0,549301.0,240499.0,0.0
2005,NJ,3515669.0,3202003.0,431070.0,3508.0
2005,NM,535571.0,656769.0,356998.0,0.0
2005,NV,1129616.0,807513.0,981818.0,745.0
2005,NY,7514751.0,5923712.0,711884.0,40944.0
2005,OH,3780469.0,2771540.0,2496069.0,4327.0
2005,OK,1694692.0,1223298.0,761975.0,0.0
2005,OR,1330449.0,972830.0,533250.0,1078.0
2005,PA,5127892.0,3411468.0,2772434.0,62372.0
2005,RI,413450.0,349028.0,105158.0,0.0
2005,SC,2487104.0,1514948.0,1459564.0,0.0
2005,SD,308728.0,247995.0,91064.0,0.0
2005,TN,2872418.0,2089676.0,1591009.0,150.0
2005,TX,13831781.0,9809780.0,6916247.0,5964.0
2005,UT,568712.0,571175.0,338766.0,1991.0
2005,VA,3642754.0,2704491.0,862603.0,11127.0
2005,VT,283731.0,232432.0,127789.0,0.0
2005,WA,2173380.0,1774885.0,831900.0,106.0
2005,WI,2170508.0,1725682.0,1367832.0,0.0
2005,WV,706482.0,412061.0,435472.0,269.0
2005,WY,177700.0,231777.0,319485.0,0.0
2005,US,125982789.0,97404798.0,52112506.0,248828.0
2004,AK,256461.0,285728.0,93819.0,0.0
2004,AL,2295151.0,1506485.0,1476774.0,0.0
2004,AR,1149871.0,605346.0,720015.0,0.0
2004,AZ,2446631.0,1901179.0,637419.0,0.0
2004,CA,10125247.0,12578123.0,3482273.0,42684.0
2004,CO,1307036.0,1343024.0,596062.0,1079.0
2004,CT,1505816.0,1300597.0,411173.0,13787.0
2004,DC,130221.0,441784.0,7077.0,0.0
2004,DE,377749.0,300111.0,140578.0,0.0
2004,FL,10085886.0,6601384.0,1139931.0,7319.0
2004,GA,4016437.0,2912397.0,1587183.0,9232.0
2004,HI,571200.0,588079.0,525600.0,0.0
2004,IA,1131602.0,731182.0,755719.0,0.0
2004,ID,446408.0,294304.0,344207.0,0.0
2004,IL,3638262.0,2894103.0,1475294.0,25346.0
2004,IN,2276904.0,1448389.0,2022062.0,1457.0
2004,KS,961622.0,892513.0,510275.0,0.0
2004,KY,1538429.0,1033722.0,1431656.0,0.0
2004,LA,2324175.0,1710298.0,1646262.0,1124.0
2004,MA,2270537.0,1947960.0,615321.0,5044.0
2004,MD,2115309.0,1031987.0,697896.0,1690.0
2004,ME,6704.0,18444.0,9446.0,0.0
2004,MI,2758432.0,2353599.0,1399867.0,238.0
2004,MN,1624406.0,1287373.0,1037573.0,727.0
2004,MO,2184956.0,1647846.0,660821.0,485.0
2004,MS,1443559.0,1018804.0,759039.0,0.0
2004,MT,318546.0,294626.0,97181.0,0.0
2004,NC,4369008.0,2871463.0,1515702.0,0.0
2004,ND,248815.0,225367.0,124332.0,0.0
2004,NE,609749.0,496782.0,368933.0,0.0
2004,NH,534912.0,476496.0,227915.0,0.0
2004,NJ,3090571.0,2831400.0,338031.0,8314.0
2004,NM,488387.0,608971.0,311796.0,0.0
2004,NV,1034037.0,751651.0,894970.0,0.0
2004,NY,6558614.0,5732842.0,714770.0,35720.0
2004,OH,3495212.0,2544228.0,2298807.0,4536.0
2004,OK,1520291.0,1115594.0,676710.0,0.0
2004,OR,1293043.0,972791.0,519825.0,1010.0
2004,PA,4457018.0,3151886.0,2684324.0,57915.0
2004,RI,365452.0,327620.0,96330.0,0.0
2004,SC,2266566.0,1389587.0,1315384.0,0.0
2004,SD,282665.0,224235.0,86770.0,0.0
2004,TN,2656585.0,1991739.0,1466347.0,122.0
2004,TX,11707073.0,7867462.0,5902053.0,5714.0
2004,UT,528323.0,551497.0,313597.0,1667.0
2004,VA,3394676.0,2529623.0,842859.0,10106.0
2004,VT,273020.0,225759.0,125553.0,0.0
2004,WA,2068792.0,1742137.0,807410.0,2689.0
2004,WI,1922131.0,1401389.0,1352998.0,0.0
2004,WV,669935.0,394156.0,418859.0,253.0
2004,WY,163124.0,202962.0,308119.0,0.0
2004,US,113305556.0,89597024.0,47992917.0,238258.0
2003,AK,238065.0,259408.0,86770.0,0.0
2003,AL,2175026.0,1399001.0,1355118.0,0.0
2003,AR,1129827.0,585091.0,684562.0,0.0
2003,AZ,2315709.0,1803209.0,586597.0,0.0
2003,CA,10091674.0,12504284.0,3804200.0,32210.0
2003,CO,1280454.0,1297891.0,565032.0,2742.0
2003,CT,1460916.0,1284472.0,417625.0,14845.0
2003,DC,119537.0,309613.0,5113.0,0.0
2003,DE,360046.0,283994.0,135541.0,0.0
2003,FL,9636112.0,6082671.0,1048419.0,7010.0
2003,GA,3710663.0,2699302.0,1396962.0,8670.0
2003,HI,506552.0,528299.0,469075.0,0.0
2003,IA,1093976.0,726471.0,698856.0,0.0
2003,ID,442569.0,303970.0,360226.0,0.0
2003,IL,3615807.0,3120081.0,1372142.0,28397.0
2003,IN,2162179.0,1374380.0,1854728.0,1372.0
2003,KS,971024.0,882456.0,479051.0,0.0
2003,KY,1435037.0,963227.0,1364865.0,0.0
2003,LA,2240664.0,1627717.0,1518432.0,208.0
2003,MA,2214177.0,2077685.0,650967.0,11930.0
2003,MD,1991533.0,972801.0,885045.0,4427.0
2003,ME,6827.0,3224.0,26078.0,0.0
2003,MI,2813077.0,2619795.0,1521635.0,279.0
2003,MN,1579058.0,1256889.0,954789.0,0.0
2003,MO,2185963.0,1617635.0,666590.0,0.0
2003,MS,1342600.0,913348.0,684468.0,0.0
2003,MT,311306.0,280586.0,92159.0,0.0
2003,NC,4106255.0,2769773.0,1453390.0,0.0
2003,ND,240596.0,214224.0,117053.0,0.0
2003,NE,607759.0,498626.0,351922.0,0.0
2003,NH,509432.0,443883.0,224608.0,0.0
2003,NJ,2879408.0,3098551.0,666131.0,13182.0
2003,NM,470965.0,593171.0,289527.0,0.0
2003,NV,932216.0,717570.0,849020.0,0.0
2003,NY,6377510.0,5960814.0,896103.0,28773.0
2003,OH,3413684.0,2517216.0,2276369.0,278.0
2003,OK,1506985.0,1082721.0,610925.0,0.0
2003,OR,1252144.0,987527.0,554251.0,1020.0
2003,PA,4512654.0,3078592.0,2581631.0,51058.0
2003,RI,348084.0,314920.0,91943.0,0.0
2003,SC,2117182.0,1316126.0,1251102.0,0.0
2003,SD,279509.0,224117.0,73367.0,0.0
2003,TN,2467451.0,1835631.0,1383846.0,0.0
2003,TX,11111340.0,7581181.0,5512229.0,5954.0
2003,UT,494434.0,504133.0,289882.0,1479.0
2003,VA,3170939.0,2365003.0,815395.0,9375.0
2003,VT,257866.0,212355.0,117483.0,0.0
2003,WA,2010273.0,1695725.0,689019.0,2716.0
2003,WI,1853291.0,1397390.0,1217362.0,0.0
2003,WV,653515.0,389170.0,407592.0,0.0
2003,WY,160946.0,188529.0,280795.0,0.0
2003,US,109164816.0,87764448.0,46685990.0,225925.0
2002,AK,232769.0,226791.0,83223.0,
2002,AL,2138395.0,1304740.0,1244386.0,
2002,AR,1126260.0,528117.0,677874.0,
2002,AZ,2184700.0,1628646.0,573491.0,
2002,CA,9699797.0,12614851.0,3853539.0,
2002,CO,1137237.0,1045138.0,482865.0,
2002,CT,1348427.0,1168531.0,402908.0,
2002,DC,132568.0,272934.0,13992.0,
2002,DE,349768.0,268998.0,157838.0,
2002,FL,8822971.0,5150090.0,990640.0,
2002,GA,3705932.0,2512885.0,1365589.0,
2002,HI,453157.0,446998.0,415429.0,
2002,IA,1078910.0,577849.0,672309.0,
2002,ID,464924.0,397869.0,275669.0,
2002,IL,3777911.0,2866702.0,1386756.0,
2002,IN,2182577.0,1303180.0,1876620.0,
2002,KS,977037.0,841207.0,461796.0,
2002,KY,1431245.0,782142.0,1352620.0,
2002,LA,2000355.0,1241597.0,1310197.0,
2002,MA,2007852.0,1801627.0,619036.0,
2002,MD,1914916.0,1114702.0,571031.0,
2002,ME,29048.0,42693.0,30128.0,
2002,MI,2844554.0,2627202.0,1597605.0,
2002,MN,1531480.0,1143281.0,874721.0,
2002,MO,2238090.0,1575542.0,678501.0,
2002,MS,1299120.0,803953.0,660844.0,
2002,MT,291339.0,224650.0,96544.0,
2002,NC,4085367.0,2558701.0,1473598.0,
2002,ND,234081.0,199119.0,104821.0,
2002,NE,602900.0,414774.0,293929.0,
2002,NH,470468.0,401085.0,194714.0,
2002,NJ,2815236.0,3111362.0,833410.0,
2002,NM,445356.0,505453.0,237924.0,
2002,NV,914611.0,682672.0,824237.0,
2002,NY,5923637.0,5534835.0,1008723.0,
2002,OH,3639565.0,2596808.0,2342396.0,
2002,OK,1340804.0,752626.0,490904.0,
2002,OR,1248978.0,982155.0,580824.0,
2002,PA,4342772.0,3159983.0,2621186.0,
2002,RI,288363.0,246434.0,75070.0,
2002,SC,2069025.0,1177276.0,1229013.0,
2002,SD,276301.0,191210.0,72835.0,
2002,TN,2483253.0,1711585.0,1322006.0,
2002,TX,9778332.0,6094634.0,4761411.0,
2002,UT,471282.0,474278.0,269309.0,
2002,VA,3131216.0,1757381.0,805122.0,
2002,VT,261528.0,215994.0,125731.0,
2002,WA,2017833.0,1484854.0,622280.0,
2002,WI,1764624.0,1252923.0,1130832.0,
2002,WV,651154.0,380748.0,414888.0,
2002,WY,155596.0,172726.0,264409.0,
2002,US,104813621.0,80572531.0,44825723.0,
2001,AK,229169.0,235455.0,82179.0,
2001,AL,1950059.0,1233009.0,1212229.0,
2001,AR,1165380.0,566612.0,741113.0,
2001,AZ,2174365.0,1623308.0,596575.0,
2001,CA,9190430.0,11422627.0,5566991.0,
2001,CO,1080208.0,1013541.0,488616.0,
2001,CT,1304512.0,1151594.0,424829.0,
2001,DC,130755.0,482585.0,13441.0,
2001,DE,321324.0,244338.0,157760.0,
2001,FL,8712905.0,5239143.0,1028201.0,
2001,GA,3427720.0,2502600.0,1453841.0,
2001,HI,457800.0,463606.0,442536.0,
2001,IA,1045203.0,569620.0,679233.0,
2001,ID,414721.0,335713.0,270936.0,
2001,IL,3644562.0,2955743.0,1595527.0,
2001,IN,2037161.0,1350710.0,1727573.0,
2001,KS,924555.0,792686.0,480716.0,
2001,KY,1323393.0,745717.0,1176267.0,
2001,LA,2043518.0,1342792.0,1595724.0,
2001,MA,2242359.0,2463199.0,892740.0,
2001,MD,1831139.0,1586514.0,412385.0,
2001,ME,94354.0,259946.0,93693.0,
2001,MI,2667172.0,2622342.0,1717272.0,
2001,MN,1476460.0,1193379.0,902258.0,
2001,MO,2113257.0,1533319.0,694792.0,
2001,MS,1242778.0,787812.0,671816.0,
2001,MT,267178.0,201210.0,95141.0,
2001,NC,3749927.0,2423308.0,1517634.0,
2001,ND,225280.0,183811.0,109605.0,
2001,NE,561857.0,396344.0,275815.0,
2001,NH,473388.0,411797.0,226210.0,
2001,NJ,2590385.0,2987468.0,971681.0,
2001,NM,436866.0,513101.0,287360.0,
2001,NV,871875.0,565310.0,737650.0,
2001,NY,5930028.0,6004598.0,1174074.0,
2001,OH,3809487.0,3121751.0,2454406.0,
2001,OK,1438610.0,860733.0,572824.0,
2001,OR,1100132.0,807730.0,551114.0,
2001,PA,3851628.0,2786838.0,2424945.0,
2001,RI,327363.0,305129.0,109527.0,
2001,SC,1912045.0,1127116.0,1217606.0,
2001,SD,265619.0,190857.0,74254.0,
2001,TN,2334726.0,1638631.0,1301193.0,
2001,TX,10388474.0,6766214.0,5170063.0,
2001,UT,449767.0,460635.0,261685.0,
2001,VA,2881999.0,1689666.0,816405.0,
2001,VT,254582.0,215074.0,126906.0,
2001,WA,1801592.0,1298408.0,803991.0,
2001,WI,1612031.0,1185035.0,1107335.0,
2001,WV,615509.0,368974.0,410395.0,
2001,WY,145295.0,157716.0,264489.0,
2001,US,101540902.0,81385364.0,48181551.0,
2000,AK,212474.0,218572.0,78418.0,
2000,AL,2027802.0,1253946.0,1357295.0,
2000,AR,1108516.0,518744.0,725734.0,
2000,AZ,2096080.0,1567653.0,631474.0,
2000,CA,8461304.0,8706947.0,3833993.0,
2000,CO,1024815.0,998121.0,423458.0,
2000,CT,1264461.0,1106042.0,425062.0,
2000,DC,130381.0,629224.0,12920.0,
2000,DE,305193.0,223925.0,128389.0,
2000,FL,7696330.0,4510745.0,913461.0,
2000,GA,3386290.0,2401378.0,1481000.0,
2000,HI,453649.0,449707.0,448082.0,
2000,IA,1007251.0,550635.0,665443.0,
2000,ID,377498.0,299515.0,261663.0,
2000,IL,3546278.0,2950156.0,1736270.0,
2000,IN,1966764.0,1214196.0,1829176.0,
2000,KS,958759.0,781826.0,465006.0,
2000,KY,1278670.0,716536.0,1135798.0,
2000,LA,2127079.0,1307937.0,1599115.0,
2000,MA,1846792.0,1919470.0,814471.0,
2000,MD,1903240.0,1688696.0,415475.0,
2000,ME,162659.0,305232.0,164297.0,
2000,MI,2617284.0,2829388.0,1881589.0,
2000,MN,1400071.0,735968.0,1319129.0,
2000,MO,2083889.0,1507701.0,712007.0,
2000,MS,1191491.0,733680.0,656718.0,
2000,MT,252871.0,197622.0,119480.0,
2000,NC,3709073.0,2344590.0,1569277.0,
2000,ND,218161.0,155264.0,120527.0,
2000,NE,544639.0,381501.0,262836.0,
2000,NH,478256.0,393762.0,235151.0,
2000,NJ,2475948.0,2522177.0,891659.0,
2000,NM,412666.0,470926.0,257052.0,
2000,NV,684851.0,441376.0,559967.0,
2000,NY,5829954.0,5896631.0,1166833.0,
2000,OH,4002196.0,3102406.0,3125863.0,
2000,OK,1379786.0,805464.0,569825.0,
2000,OR,1070881.0,773729.0,581852.0,
2000,PA,3874752.0,2077819.0,1617190.0,
2000,RI,300497.0,293240.0,119369.0,
2000,SC,1916222.0,1109685.0,1246054.0,
2000,SD,253946.0,160851.0,89964.0,
2000,TN,2316446.0,1617108.0,1319569.0,
2000,TX,9303838.0,5834517.0,4491031.0,
2000,UT,409622.0,412187.0,265191.0,
2000,VA,2822623.0,1597907.0,803559.0,
2000,VT,250503.0,202547.0,120389.0,
2000,WA,1695061.0,1166378.0,1097088.0,
2000,WI,1501604.0,1104022.0,1057492.0,
2000,WV,610082.0,370783.0,416913.0,
2000,WY,136579.0,145252.0,245649.0,
2000,US,97086077.0,73703684.0,46465223.0,
1999,AK,208179.0,219482.0,61735.0,
1999,AL,1901352.0,1187496.0,1319741.0,
1999,AR,1042900.0,487564.0,687903.0,
1999,AZ,1921783.0,1484420.0,628398.0,
1999,CA,7978446.0,7855607.0,3551883.0,
1999,CO,968893.0,953802.0,416659.0,
1999,CT,1331601.0,1147003.0,433167.0,
1999,DC,131395.0,608812.0,11439.0,
1999,DE,323774.0,247563.0,168424.0,
1999,FL,7253310.0,4297425.0,885802.0,
1999,GA,3158846.0,2272403.0,1463147.0,
1999,HI,384432.0,367807.0,363684.0,
1999,IA,991100.0,533486.0,642276.0,
1999,ID,358072.0,271119.0,227595.0,
1999,IL,3500292.0,3095070.0,2087756.0,
1999,IN,2005285.0,1219651.0,1839587.0,
1999,KS,867435.0,738912.0,457057.0,
1999,KY,1257441.0,696494.0,1195898.0,
1999,LA,1881756.0,1158708.0,1337720.0,
1999,MA,1754839.0,1821322.0,729295.0,
1999,MD,1959318.0,1703324.0,423368.0,
1999,ME,484235.0,366983.0,300998.0,
1999,MI,2676360.0,2754868.0,1859753.0,
1999,MN,1334265.0,688291.0,1266701.0,
1999,MO,1976459.0,1435557.0,706586.0,
1999,MS,1102038.0,690480.0,631832.0,
1999,MT,248557.0,192204.0,145273.0,
1999,NC,3486165.0,2221310.0,1560387.0,
1999,ND,214782.0,145345.0,121601.0,
1999,NE,517099.0,362245.0,245943.0,
1999,NH,494489.0,400130.0,231160.0,
1999,NJ,2797622.0,3160077.0,1005072.0,
1999,NM,400587.0,443119.0,251874.0,
1999,NV,597709.0,402593.0,517603.0,
1999,NY,5665031.0,5522906.0,1202549.0,
1999,OH,4045743.0,3025175.0,3213686.0,
1999,OK,1208052.0,691895.0,478252.0,
1999,OR,1038068.0,736939.0,480685.0,
1999,PA,3789617.0,1958762.0,1508290.0,
1999,RI,269654.0,229166.0,84012.0,
1999,SC,1790295.0,1045120.0,1196059.0,
1999,SD,245035.0,153394.0,88692.0,
1999,TN,2246612.0,1586422.0,1318701.0,
1999,TX,8201199.0,5179341.0,3963869.0,
1999,UT,391213.0,385090.0,254101.0,
1999,VA,2677381.0,1497523.0,778452.0,
1999,VT,243174.0,202441.0,116673.0,
1999,WA,1673433.0,1119207.0,935938.0,
1999,WI,1425681.0,1036965.0,999326.0,
1999,WV,593022.0,358303.0,423248.0,
1999,WY,128341.0,132737.0,235679.0,
1999,US,93142367.0,70492058.0,45055529.0,
1998,AK,203284.0,218594.0,58623.0,
1998,AL,1896784.0,1154986.0,1305706.0,
1998,AR,1076407.0,484093.0,668880.0,
1998,AZ,1874878.0,1430423.0,643095.0,
1998,CA,7929880.0,8275430.0,3875801.0,
1998,CO,942446.0,904218.0,433492.0,
1998,CT,1306294.0,1169196.0,449391.0,
1998,DC,127689.0,597966.0,11480.0,
1998,DE,304848.0,228112.0,175748.0,
1998,FL,7557066.0,4297769.0,887094.0,
1998,GA,3185225.0,2296618.0,1483140.0,
1998,HI,364931.0,341787.0,356513.0,
1998,IA,993455.0,535756.0,641457.0,
1998,ID,348912.0,260714.0,232827.0,
1998,IL,3908389.0,3084902.0,2199024.0,
1998,IN,1916150.0,1176945.0,1770454.0,
1998,KS,905477.0,765979.0,435488.0,
1998,KY,1215925.0,674870.0,1115024.0,
1998,LA,1888787.0,1132353.0,1287517.0,
1998,MA,1736822.0,2003096.0,835393.0,
1998,MD,1890066.0,1655857.0,428671.0,
1998,ME,467255.0,343348.0,305625.0,
1998,MI,2584189.0,2641974.0,1809150.0,
1998,MN,1272958.0,655859.0,1256619.0,
1998,MO,2001368.0,1430204.0,699275.0,
1998,MS,1151597.0,713214.0,615521.0,
1998,MT,241910.0,194599.0,204420.0,
1998,NC,3434239.0,2137094.0,1619571.0,
1998,ND,212255.0,143037.0,94116.0,
1998,NE,526826.0,359197.0,248765.0,
1998,NH,471162.0,387569.0,227582.0,
1998,NJ,2642039.0,3140760.0,1058844.0,
1998,NM,410736.0,444793.0,276803.0,
1998,NV,558188.0,367665.0,480459.0,
1998,NY,5496462.0,6184348.0,1241359.0,
1998,OH,3874682.0,2949523.0,3142188.0,
1998,OK,1281560.0,704635.0,481099.0,
1998,OR,1018992.0,705480.0,457220.0,
1998,PA,4105747.0,2989255.0,2675907.0,
1998,RI,275050.0,252957.0,109429.0,
1998,SC,1766700.0,1021426.0,1165190.0,
1998,SD,240048.0,149689.0,82959.0,
1998,TN,2237736.0,1559611.0,1269146.0,
1998,TX,8448240.0,5074233.0,4046789.0,
1998,UT,393891.0,382900.0,259440.0,
1998,VA,2607610.0,1468599.0,764004.0,
1998,VT,226627.0,180776.0,111532.0,
1998,WA,1577059.0,1069899.0,890905.0,
1998,WI,1368985.0,950933.0,1004077.0,
1998,WV,569797.0,344926.0,421628.0,
1998,WY,126403.0,130836.0,235229.0,
1998,US,93164026.0,71769003.0,46549669.0,
1997,AK,197457.0,207316.0,56544.0,
1997,AL,1678848.0,1040399.0,1209020.0,
1997,AR,1013121.0,515191.0,695212.0,
1997,AZ,1824015.0,1393539.0,669313.0,
1997,CA,8405390.0,8342850.0,4311653.0,
1997,CO,909554.0,841738.0,440787.0,
1997,CT,1317517.0,1159309.0,459264.0,
1997,DC,122281.0,588782.0,11608.0,
1997,DE,300412.0,220598.0,180396.0,
1997,FL,7097264.0,4190544.0,919989.0,
1997,GA,2851715.0,2147277.0,1402076.0,
1997,HI,394850.0,368823.0,397999.0,
1997,IA,958105.0,502269.0,614212.0,
1997,ID,341283.0,248822.0,216208.0,
1997,IL,3886314.0,3023142.0,2242664.0,
1997,IN,1843647.0,1117621.0,1701213.0,
1997,KS,837270.0,738643.0,422656.0,
1997,KY,1172122.0,644357.0,1138070.0,
1997,LA,1811325.0,1133517.0,1426321.0,
1997,MA,1886309.0,2144521.0,871660.0,
1997,MD,1826737.0,1606842.0,426038.0,
1997,ME,466370.0,340680.0,315089.0,
1997,MI,2461915.0,2539696.0,1760605.0,
1997,MN,1234992.0,631658.0,1200868.0,
1997,MO,1884991.0,1369722.0,680747.0,
1997,MS,1040393.0,666164.0,602758.0,
1997,MT,243551.0,190854.0,165875.0,
1997,NC,3262701.0,2018399.0,1654506.0,
1997,ND,215606.0,141482.0,90899.0,
1997,NE,509951.0,354896.0,237714.0,
1997,NH,460360.0,368654.0,211807.0,
1997,NJ,2693102.0,3079386.0,1084250.0,
1997,NM,401723.0,430683.0,273248.0,
1997,NV,527934.0,344216.0,449695.0,
1997,NY,5656407.0,6577134.0,1314023.0,
1997,OH,3764614.0,2788990.0,3075576.0,
1997,OK,1151872.0,673038.0,464983.0,
1997,OR,956224.0,697915.0,514138.0,
1997,PA,4226733.0,3018794.0,2822400.0,
1997,RI,301306.0,275861.0,117674.0,
1997,SC,1622819.0,936873.0,1160461.0,
1997,SD,239116.0,146362.0,81413.0,
1997,TN,2010823.0,1461914.0,1055916.0,
1997,TX,7904554.0,4852372.0,4070966.0,
1997,UT,389887.0,370009.0,259089.0,
1997,VA,2628143.0,1486605.0,770461.0,
1997,VT,228142.0,172987.0,116158.0,
1997,WA,1572222.0,1034560.0,810843.0,
1997,WI,1272627.0,880613.0,932950.0,
1997,WV,564833.0,329384.0,414814.0,
1997,WY,124929.0,126195.0,249548.0,
1997,US,90694376.0,70482196.0,46772377.0,
1996,AK,200660.0,215454.0,49458.0,
1996,AL,1700370.0,864635.0,1305779.0,
1996,AR,1005260.0,501526.0,676102.0,
1996,AZ,1766643.0,1375122.0,663797.0,
1996,CA,8088023.0,8198688.0,4017816.0,
1996,CO,889175.0,844125.0,432317.0,
1996,CT,1318628.0,1149419.0,465734.0,
1996,DC,125402.0,584745.0,10966.0,
1996,DE,293421.0,203891.0,159160.0,
1996,FL,7059880.0,4042818.0,878978.0,
1996,GA,2891749.0,2089009.0,1422800.0,
1996,HI,381535.0,358572.0,389510.0,
1996,IA,941861.0,478953.0,577862.0,
1996,ID,343840.0,250727.0,224182.0,
1996,IL,3881830.0,2983729.0,2203795.0,
1996,IN,1819330.0,1085973.0,1695764.0,
1996,KS,838552.0,733479.0,433985.0,
1996,KY,1185005.0,552848.0,1222332.0,
1996,LA,1835617.0,1133589.0,1405372.0,
1996,MA,1828592.0,2021904.0,850426.0,
1996,MD,1898474.0,1580253.0,419405.0,
1996,ME,462928.0,332504.0,298641.0,
1996,MI,2448299.0,2543091.0,1750987.0,
1996,MN,1223071.0,621099.0,1148478.0,
1996,MO,1872810.0,1359625.0,662102.0,
1996,MS,1054159.0,560770.0,707230.0,
1996,MT,243341.0,181896.0,207819.0,
1996,NC,3348297.0,1959078.0,1633757.0,
1996,ND,223030.0,144338.0,81426.0,
1996,NE,486974.0,344612.0,227706.0,
1996,NH,460727.0,366644.0,213835.0,
1996,NJ,2713991.0,3111470.0,1109074.0,
1996,NM,386373.0,420066.0,257587.0,
1996,NV,519274.0,340491.0,444851.0,
1996,NY,5654401.0,6389811.0,1459358.0,
1996,OH,3831178.0,2777827.0,3086447.0,
1996,OK,1160217.0,670158.0,459081.0,
1996,OR,984324.0,688950.0,538927.0,
1996,PA,4247796.0,2952313.0,2799681.0,
1996,RI,292848.0,264499.0,115005.0,
1996,SC,1688342.0,927659.0,1134724.0,
1996,SD,239968.0,143082.0,79452.0,
1996,TN,2078304.0,368649.0,2067419.0,
1996,TX,7739870.0,4756418.0,3841763.0,
1996,UT,381360.0,348782.0,283251.0,
1996,VA,2632866.0,1450684.0,758728.0,
1996,VT,220572.0,167240.0,116547.0,
1996,WA,1611706.0,1047268.0,863254.0,
1996,WI,1284813.0,875851.0,872553.0,
1996,WV,591591.0,339044.0,422723.0,
1996,WY,123879.0,123260.0,237481.0,
1996,US,90501156.0,67826638.0,47385427.0,
1995,AK,192455.0,209898.0,45795.0,
1995,AL,1630854.0,826558.0,1331891.0,
1995,AR,991356.0,487814.0,653278.0,
1995,AZ,1639522.0,1312825.0,630937.0,
1995,CA,7983349.0,8485241.0,4225930.0,
1995,CO,838964.0,815153.0,438281.0,
1995,CT,1286230.0,1128914.0,469364.0,
1995,DC,122632.0,577500.0,11432.0,
1995,DE,287845.0,201228.0,165608.0,
1995,FL,6711297.0,3838427.0,849526.0,
1995,GA,2811067.0,2031156.0,1422681.0,
1995,HI,347281.0,330986.0,352472.0,
1995,IA,958686.0,489850.0,541923.0,
1995,ID,329872.0,237019.0,220311.0,
1995,IL,3981788.0,2933335.0,2226993.0,
1995,IN,1790087.0,1072089.0,1644632.0,
1995,KS,820443.0,686604.0,450622.0,
1995,KY,1155069.0,552247.0,1185945.0,
1995,LA,1744470.0,1055167.0,1219005.0,
1995,MA,1800173.0,1975877.0,843112.0,
1995,MD,1874713.0,1596241.0,425229.0,
1995,ME,453819.0,291503.0,329678.0,
1995,MI,2387301.0,2462154.0,1738782.0,
1995,MN,1216609.0,600667.0,1143109.0,
1995,MO,1842934.0,1334356.0,649356.0,
1995,MS,991325.0,528714.0,687880.0,
1995,MT,221648.0,166394.0,218776.0,
1995,NC,3207309.0,1888197.0,1651727.0,
1995,ND,210673.0,138695.0,79693.0,
1995,NE,484060.0,332561.0,222881.0,
1995,NH,454227.0,367003.0,218544.0,
1995,NJ,2692070.0,3048506.0,1140286.0,
1995,NM,368148.0,402916.0,248868.0,
1995,NV,473281.0,319402.0,428771.0,
1995,NY,5543666.0,6289639.0,1465961.0,
1995,OH,3784436.0,2730572.0,3103540.0,
1995,OK,1113032.0,642246.0,439592.0,
1995,OR,895128.0,652891.0,550266.0,
1995,PA,4160637.0,2877404.0,2812952.0,
1995,RI,283487.0,264614.0,121897.0,
1995,SC,1610543.0,889987.0,1152935.0,
1995,SD,231376.0,136832.0,76221.0,
1995,TN,1831548.0,344443.0,2018140.0,
1995,TX,7161922.0,4556245.0,3589628.0,
1995,UT,349871.0,333855.0,259013.0,
1995,VA,2625754.0,1458299.0,772389.0,
1995,VT,207546.0,157259.0,112167.0,
1995,WA,1496997.0,982359.0,1014474.0,
1995,WI,1298061.0,860614.0,896038.0,
1995,WV,595840.0,343157.0,438330.0,
1995,WY,118197.0,119068.0,238595.0,
1995,US,87609598.0,66364681.0,47175456.0,
1994,AK,191083.0,208213.0,42792.0,
1994,AL,1549858.0,800360.0,1314960.0,
1994,AR,939902.0,472334.0,621942.0,
1994,AZ,1693529.0,1300629.0,635905.0,
1994,CA,7868888.0,8383425.0,4246100.0,
1994,CO,804646.0,777482.0,440333.0,
1994,CT,1250349.0,1083769.0,467379.0,
1994,DC,117332.0,578439.0,12386.0,
1994,DE,276780.0,187880.0,159393.0,
1994,FL,6270548.0,3649160.0,847618.0,
1994,GA,2526959.0,1918457.0,1368049.0,
1994,HI,318369.0,296882.0,334157.0,
1994,IA,895142.0,472813.0,513463.0,
1994,ID,316771.0,246098.0,215844.0,
1994,IL,3564274.0,2738718.0,2164368.0,
1994,IN,1697308.0,1032791.0,1618513.0,
1994,KS,799063.0,673503.0,443913.0,
1994,KY,1124983.0,533540.0,1299231.0,
1994,LA,1722707.0,1082187.0,1259428.0,
1994,MA,1779120.0,1889105.0,821518.0,
1994,MD,1817381.0,953365.0,1008131.0,
1994,ME,454673.0,285798.0,355711.0,
1994,MI,2249213.0,2410662.0,1716262.0,
1994,MN,1146132.0,561857.0,1121512.0,
1994,MO,1754357.0,1277857.0,652110.0,
1994,MS,963587.0,512351.0,684021.0,
1994,MT,212594.0,160068.0,196466.0,
1994,NC,3041020.0,1801707.0,1642484.0,
1994,ND,206572.0,121522.0,94743.0,
1994,NE,465376.0,324310.0,213299.0,
1994,NH,442737.0,351434.0,203447.0,
1994,NJ,2555916.0,2888861.0,1132092.0,
1994,NM,372718.0,412649.0,243500.0,
1994,NV,489804.0,321563.0,423479.0,
1994,NY,5434577.0,5699518.0,1996349.0,
1994,OH,3576381.0,2628318.0,3061056.0,
1994,OK,1133624.0,676875.0,476529.0,
1994,OR,876863.0,629124.0,523110.0,
1994,PA,4035417.0,2764728.0,2733284.0,
1994,RI,276552.0,255064.0,122114.0,
1994,SC,1491683.0,852806.0,1117894.0,
1994,SD,222055.0,126725.0,79483.0,
1994,TN,1927929.0,341550.0,1969869.0,
1994,TX,7254686.0,4678149.0,3857650.0,
1994,UT,346269.0,323026.0,248848.0,
1994,VA,2507237.0,1339129.0,754950.0,
1994,VT,200039.0,149350.0,107551.0,
1994,WA,1475512.0,932312.0,951249.0,
1994,WI,1249921.0,844038.0,882694.0,
1994,WV,551261.0,323116.0,417216.0,
1994,WY,112623.0,121975.0,254668.0,
1994,US,84552320.0,63395592.0,48069063.0,
1993,AK,181603.0,196902.0,41052.0,
1993,AL,1544205.0,780261.0,1324477.0,
1993,AR,972799.0,471348.0,611166.0,
1993,AZ,1611387.0,1288251.0,637719.0,
1993,CA,7613058.0,8269232.0,4120805.0,
1993,CO,771494.0,839046.0,317554.0,
1993,CT,1207450.0,1071855.0,464001.0,
1993,DC,117349.0,387351.0,176012.0,
1993,DE,274385.0,188944.0,166898.0,
1993,FL,6137046.0,3669193.0,857509.0,
1993,GA,2639592.0,1873182.0,1378754.0,
1993,HI,303167.0,276058.0,337238.0,
1993,IA,890135.0,462323.0,488927.0,
1993,ID,311876.0,219445.0,203082.0,
1993,IL,3621679.0,2749069.0,2192745.0,
1993,IN,1666419.0,991351.0,1530187.0,
1993,KS,785299.0,653949.0,430107.0,
1993,KY,1096038.0,519472.0,1197861.0,
1993,LA,1740707.0,1062391.0,1261796.0,
1993,MA,1737123.0,1827747.0,832126.0,
1993,MD,1769786.0,811504.0,1100112.0,
1993,ME,442724.0,271002.0,350840.0,
1993,MI,2184506.0,2319009.0,1632454.0,
1993,MN,1105316.0,528688.0,1072081.0,
1993,MO,1756698.0,1246675.0,641842.0,
1993,MS,940423.0,498157.0,653355.0,
1993,MT,207658.0,154222.0,181215.0,
1993,NC,3086158.0,1763806.0,1641609.0,
1993,ND,202548.0,118619.0,92386.0,
1993,NE,451557.0,310626.0,200386.0,
1993,NH,420966.0,233797.0,280165.0,
1993,NJ,2514344.0,2773722.0,1180451.0,
1993,NM,356547.0,398181.0,234228.0,
1993,NV,408802.0,279941.0,362033.0,
1993,NY,5255743.0,5563929.0,2011615.0,
1993,OH,3507579.0,2527869.0,2924264.0,
1993,OK,1135886.0,671884.0,483891.0,
1993,OR,838082.0,601479.0,499306.0,
1993,PA,3959185.0,2673892.0,2712719.0,
1993,RI,274582.0,257590.0,128093.0,
1993,SC,1516484.0,820184.0,1089797.0,
1993,SD,218896.0,109332.0,84946.0,
1993,TN,1738169.0,345810.0,2011554.0,
1993,TX,7017263.0,4466563.0,3756859.0,
1993,UT,323723.0,299296.0,234969.0,
1993,VA,2458741.0,1395465.0,729047.0,
1993,VT,193967.0,146187.0,107308.0,
1993,WA,1422153.0,878643.0,875803.0,
1993,WI,1221881.0,815272.0,852544.0,
1993,WV,547030.0,316853.0,403650.0,
1993,WY,113616.0,125702.0,257607.0,
1993,US,82813824.0,61521269.0,47357145.0,
1992,AK,177544.0,192322.0,39055.0,
1992,AL,1413406.0,747868.0,1263895.0,
1992,AR,864633.0,439276.0,564553.0,
1992,AZ,1555071.0,1249968.0,636648.0,
1992,CA,7543678.0,8291326.0,4333426.0,
1992,CO,735775.0,801250.0,314366.0,
1992,CT,1162264.0,1034215.0,475114.0,
1992,DC,98401.0,360963.0,169612.0,
1992,DE,241277.0,171522.0,152982.0,
1992,FL,5671187.0,3461114.0,828371.0,
1992,GA,2360573.0,1778117.0,1341509.0,
1992,HI,265831.0,248185.0,298595.0,
1992,IA,825291.0,445938.0,487224.0,
1992,ID,282696.0,229550.0,205691.0,
1992,IL,3331865.0,2544668.0,2238052.0,
1992,IN,1567045.0,964337.0,1498810.0,
1992,KS,700728.0,627406.0,416503.0,
1992,KY,1013397.0,506408.0,1170104.0,
1992,LA,1592358.0,994671.0,1159530.0,
1992,MA,1651864.0,1734564.0,831313.0,
1992,MD,1575464.0,763511.0,1068051.0,
1992,ME,435512.0,253128.0,328050.0,
1992,MI,2081705.0,1755746.0,2103854.0,
1992,MN,1040668.0,507941.0,1020026.0,
1992,MO,1583532.0,1200406.0,642670.0,
1992,MS,870925.0,489272.0,595299.0,
1992,MT,191815.0,147731.0,185561.0,
1992,NC,2819897.0,1666089.0,1601810.0,
1992,ND,191100.0,113530.0,89352.0,
1992,NE,411421.0,297170.0,193151.0,
1992,NH,389430.0,215561.0,272290.0,
1992,NJ,2232823.0,2557717.0,1131970.0,
1992,NM,343593.0,383013.0,221148.0,
1992,NV,375253.0,264315.0,331097.0,
1992,NY,4812888.0,5204306.0,2017377.0,
1992,OH,3224509.0,2409352.0,2884988.0,
1992,OK,1022185.0,631126.0,448006.0,
1992,OR,749656.0,576313.0,486231.0,
1992,PA,3793344.0,2606075.0,2788107.0,
1992,RI,264055.0,249389.0,125351.0,
1992,SC,1361359.0,763411.0,1061117.0,
1992,SD,201731.0,102941.0,82765.0,
1992,TN,1681849.0,420451.0,1919676.0,
1992,TX,6342651.0,4151699.0,3587258.0,
1992,UT,314029.0,296029.0,228697.0,
1992,VA,2273321.0,1346642.0,715373.0,
1992,VT,184250.0,141116.0,105107.0,
1992,WA,1267676.0,806845.0,858307.0,
1992,WI,1147577.0,782128.0,814778.0,
1992,WV,502013.0,294551.0,398383.0,
1992,WY,107241.0,121389.0,261973.0,
1992,US,76848356.0,58342561.0,46993176.0,
1991,AK,171087.0,185864.0,38275.0,
1991,AL,1424738.0,772998.0,1223476.0,
1991,AR,891555.0,437987.0,530629.0,
1991,AZ,1430266.0,1160911.0,580403.0,
1991,CA,7120397.0,7876226.0,4259688.0,
1991,CO,713847.0,787281.0,307849.0,
1991,CT,1097438.0,1001134.0,461499.0,
1991,DC,103970.0,347984.0,165903.0,
1991,DE,243345.0,170122.0,153184.0,
1991,FL,5759430.0,3549204.0,855603.0,
1991,GA,2264006.0,1709680.0,1300456.0,
1991,HI,251999.0,237453.0,290943.0,
1991,IA,866430.0,443932.0,468567.0,
1991,ID,291642.0,206451.0,181228.0,
1991,IL,3549079.0,2632023.0,2179893.0,
1991,IN,1630486.0,973816.0,1444901.0,
1991,KS,777383.0,632034.0,410016.0,
1991,KY,1059489.0,528297.0,1115683.0,
1991,LA,1595959.0,981887.0,1102232.0,
1991,MA,1599160.0,1707622.0,834698.0,
1991,MD,1602645.0,749554.0,1069136.0,
1991,ME,399075.0,243242.0,315577.0,
1991,MI,2157926.0,1756557.0,2061464.0,
1991,MN,1082883.0,510518.0,1018591.0,
1991,MO,1727704.0,1220603.0,642814.0,
1991,MS,861025.0,490686.0,585267.0,
1991,MT,199215.0,140943.0,193273.0,
1991,NC,2732679.0,1599952.0,1517630.0,
1991,ND,192380.0,119931.0,85735.0,
1991,NE,434977.0,297023.0,194676.0,
1991,NH,348361.0,194739.0,242791.0,
1991,NJ,2329103.0,2558934.0,1152467.0,
1991,NM,332973.0,373238.0,219735.0,
1991,NV,340692.0,252156.0,305520.0,
1991,NY,4689930.0,5098821.0,1917863.0,
1991,OH,3339525.0,2434501.0,2849833.0,
1991,OK,1077660.0,643299.0,439794.0,
1991,OR,767601.0,563116.0,481756.0,
1991,PA,3794765.0,2539489.0,2812919.0,
1991,RI,260404.0,244375.0,126362.0,
1991,SC,1350525.0,759906.0,1055633.0,
1991,SD,209968.0,102412.0,80008.0,
1991,TN,1671412.0,734742.0,1606856.0,
1991,TX,6361303.0,4041272.0,3488789.0,
1991,UT,317477.0,288399.0,226081.0,
1991,VA,2173237.0,1284045.0,677829.0,
1991,VT,169923.0,133098.0,97503.0,
1991,WA,1303938.0,760388.0,936907.0,
1991,WI,1168339.0,773961.0,793316.0,
1991,WV,479403.0,282411.0,374433.0,
1991,WY,109223.0,120033.0,261503.0,
1991,US,76827977.0,57655250.0,45737187.0,
1990,AK,167997.0,177644.0,36307.0,
1990,AL,1366084.0,738047.0,1199222.0,
1990,AR,851686.0,422197.0,516152.0,
1990,AZ,1390114.0,1138693.0,560111.0,
1990,CA,6646478.0,7541253.0,4071491.0,
1990,CO,687083.0,768030.0,295788.0,
1990,CT,1038460.0,942671.0,460624.0,
1990,DC,90320.0,322119.0,153717.0,
1990,DE,222545.0,159716.0,147634.0,
1990,FL,5527170.0,3421034.0,844106.0,
1990,GA,2233265.0,1676866.0,1290544.0,
1990,HI,238404.0,223319.0,282629.0,
1990,IA,821178.0,421537.0,453290.0,
1990,ID,274083.0,207824.0,187818.0,
1990,IL,3260357.0,2464894.0,2121723.0,
1990,IN,1519284.0,937573.0,1456485.0,
1990,KS,744997.0,609175.0,399868.0,
1990,KY,957514.0,497208.0,1165364.0,
1990,LA,1587467.0,973397.0,1082566.0,
1990,MA,1504941.0,1589746.0,801597.0,
1990,MD,1379760.0,701541.0,984268.0,
1990,ME,365518.0,214498.0,283011.0,
1990,MI,1982483.0,1678553.0,2051268.0,
1990,MN,1010592.0,483355.0,973368.0,
1990,MO,1592730.0,1192964.0,639876.0,
1990,MS,845126.0,486201.0,578934.0,
1990,MT,183018.0,128107.0,187148.0,
1990,NC,2599408.0,1530509.0,1491996.0,
1990,ND,184784.0,115690.0,84329.0,
1990,NE,423391.0,291604.0,193535.0,
1990,NH,356128.0,191075.0,255513.0,
1990,NJ,2123447.0,2400040.0,1107443.0,
1990,NM,318673.0,363175.0,219615.0,
1990,NV,315919.0,239153.0,294048.0,
1990,NY,4414188.0,4911434.0,1846248.0,
1990,OH,3048951.0,2268893.0,2807913.0,
1990,OK,1124493.0,668063.0,427323.0,
1990,OR,727264.0,542607.0,489503.0,
1990,PA,3519365.0,2359835.0,2747624.0,
1990,RI,233826.0,222638.0,113025.0,
1990,SC,1305102.0,733904.0,1031925.0,
1990,SD,199166.0,96920.0,77146.0,
1990,TN,1636628.0,738773.0,1656023.0,
1990,TX,5947366.0,3843077.0,3390549.0,
1990,UT,302855.0,282530.0,219382.0,
1990,VA,2038635.0,1225466.0,699743.0,
1990,VT,167609.0,126185.0,91377.0,
1990,WA,1265910.0,733561.0,972037.0,
1990,WI,1087157.0,733469.0,774243.0,
1990,WV,446792.0,267445.0,372929.0,
1990,WY,102695.0,112468.0,268439.0,
1990,US,72378406.0,55116676.0,44856817.0,
